USE team03;

INSERT INTO `Region` (`region_id`, `region_name`) VALUES
(1, '강남구'),
(2, '광진구'),
(3, '동대문구'),
(4, '마포구'),
(5, '서대문구'),
(6, '서초구'),
(7, '성동구'),
(8, '송파구'),
(9, '용산구'),
(10, '종로구');

INSERT INTO `Category` (`category_id`, `category_name`) VALUES
(1, '한식'),
(2, '중식'),
(3, '일식'),
(4, '양식'),
(5, '아시안'),
(6, '분식'),
(7, '패스트푸드'),
(8, '카페/디저트');

INSERT INTO `Restaurant` 
(`restaurant_id`, `name`, `description`, `region_id`, `category_id`, `open_time`, `close_time`) VALUES
(1, '청담돈까스', '알밥과 함께하는 든든한 한 끼', 1, 3, '10:00:00', '22:00:00'),
(2, '후추포인트', '부드러운 부라타 치즈 샐러드의 매력', 1, 4, '11:00:00', '22:00:00'),
(3, '서진식당', '푸짐한 보쌈 정식으로 든든한 한끼', 1, 1, '10:00:00', '20:00:00'),
(4, '강남원주추어탕', '3대째 이어오는 진한 추어탕 한 그릇의 힘', 1, 1, '10:00:00', '22:00:00'),
(5, '아부라소바', '아부라소바의 깊은 풍미와 쫄깃한 면발', 1, 3, '11:30:00', '21:00:00'),
(6, '트리오드', '그람(g)수로 케이크를 판매하는 이색 카페', 1, 8, '11:00:00', '22:00:00'),
(7, '데일리픽스', '두툼한 베이컨이 살린 치즈버거의 정석', 1, 7, '11:30:00', '23:00:00'),
(8, '청담골', '청담동에서 18년 동안 전통을 이어 온 백반집', 1, 1, '10:30:00', '21:50:00'),
(9, '루비떡볶이', '소세지김밥으로 완성하는 분식 한상', 1, 6, '11:40:00', '21:00:00'),
(10, '진미평양냉면', '20년 장인의 평양냉면 전문', 1, 1, '11:00:00', '21:30:00'),
(11, '도치피자 강변', '빈티지 감성의 이탈리안 레스토랑', 2, 4, '11:30:00', '22:00:00'),
(12, '정면', '미쉐린 가이드 선정 국수 맛집', 2, 1, '11:30:00', '21:00:00'),
(13, '고향양꼬치 건대점', '신선한 고기의 건대입구 양꼬치 전문점', 2, 2, '11:30:00', '01:00:00'),
(14, '청와옥 군자역직영점', '블루리본 선정 군자역 순댓국 맛집', 2, 1, '08:00:00', '22:00:00'),
(15, '윤숲 후르츠산도점', '후르츠산도와 일본식 디저트 카페', 2, 8, '11:00:00', '22:00:00'),
(16, '송화산시도삭면 2호점', '도삭면과 다양한 사이드 메뉴의 중식당', 2, 2, '12:00:00', '00:00:00'),
(17, '카페롱', '트렌디한 디저트의 건대입구 대형 카페', 2, 8, '10:00:00', '02:00:00'),
(18, '스시텐', '신선한 재료의 가성비 좋은 초밥 전문점', 2, 3, '11:30:00', '21:30:00'),
(19, '쿠잔라멘', '진한 육수와 쫄깃한 면발의 라멘 전문점', 2, 3, '11:30:00', '21:00:00'),
(20, '드로잉레시피', '다양한 화덕피자의 이탈리안 레스토랑', 2, 4, '12:00:00', '22:00:00'),
(21, '싸왓디타이', '태국 사람이 만든 찐 태국의 맛', 3, 5, '11:00:00', '22:00:00'),
(22, '가치로아', '다양한 소스로 즐기는 풍미 만점 카츠', 3, 3, '11:00:00', '21:00:00'),
(23, '너디블루', '멋진 음악을 들으며 자유롭게 시간을 보낼 수 있는 카페', 3, 8, '12:00:00', '23:00:00'),
(24, '경북손칼국수', '50년이란 오랜 역사를 자랑하는 정통 안동 손칼국수.', 3, 1, '09:00:00', '21:00:00'),
(25, '남도보쌈파전', '저희 가게에서 사용하고있는 생굴은 매일 아침마다 통영에서 배송되어 깨끗한 소금물에 여러번 행구어사용하고 있습니다', 3, 1, '12:20:00', '22:30:00'),
(26, '카쿠레야', '텐동과 돈부리, 삿포로생맥주 맛집입니다!', 3, 3, '12:00:00', '24:00:00'),
(27, '치에테', '치에테는 치엘로(Cielo), 에(e), 테라(Terra) 하늘과 땅, 이탈리아어의 합성어이며 자연에서 빚어진 재료를 접시에 담는다는 철학 아래 클래식함과 모던함이 공존하는 이탈리안 레스토랑입니다.', 3, 4, '11:30:00', '22:00:00'),
(28, '디어 테이블', '트러플 향 가득한 크림 리조또의 풍미', 3, 4, '10:00:00', '21:00:00'),
(29, '버거킹 장안 SK점', '식약처 인증 위생등급 매우우수 음식점', 3, 7, '09:00:00', '24:00:00'),
(30, '우육팔질', '즐거운 식사, 맛있는 추억 - 캐주얼 중식당 <우육팔칠> 입니다.', 3, 2, '11:30:00', '22:00:00'),
(31, '툭툭누들타이', '미쉐린 빕구르망 선정 태국 음식', 4, 5, '11:00:00', '21:30:00'),
(32, '소이연남', '연남동 쌀국수/솜탐 등 태국식', 4, 5, '11:00:00', '22:00:00'),
(33, '아소정', '갈비찜, 냉면으로 유명한 한식', 4, 1, '10:30:00', '21:30:00'),
(34, '영광보쌈', '공덕시장 인근 보쌈 전문', 4, 1, '11:30:00', '21:30:00'),
(35, '오레노라멘', '마포 일대 라멘 전문', 4, 3, '12:00:00', '22:00:00'),
(36, '평화연남', '연남동 비스트로/와인바', 4, 4, '10:00:00', '21:00:00'),
(37, '한강껍데기', '돼지껍데기구이 한식 선호집', 4, 1, '09:30:00', '21:00:00'),
(38, '랑빠스81', '연남동 프랑스 가정식/와인', 4, 4, '10:30:00', '22:00:00'),
(39, '커피 리브레', '스페셜티 로스터리 카페', 4, 8, '11:00:00', '21:00:00'),
(40, '계고기집', '숯불 닭구이 전문 한식', 4, 1, '09:00:00', '20:30:00'),
(41, '폴앤폴리나', '연희동 유럽식 베이커리', 5, 8, '11:00:00', '21:30:00'),
(42, '파이홀', '신촌 수제 파이/디저트', 5, 8, '11:00:00', '22:00:00'),
(43, '담산 신촌본점', '등갈비찜, 곤드레밥 한식', 5, 1, '10:30:00', '21:30:00'),
(44, '도깨비칼국수', '서민 노포 칼국수집', 5, 1, '11:30:00', '21:30:00'),
(45, '남원추어탕', '추어탕 전문 한식', 5, 1, '12:00:00', '22:00:00'),
(46, '이빠네마그릴', '브라질 슈하스코', 5, 4, '10:00:00', '21:00:00'),
(47, '한옥집 김치찜', '김치찜 전문 한식', 5, 1, '09:30:00', '21:00:00'),
(48, '시오', '연희동 일식 다이닝', 5, 3, '10:30:00', '22:00:00'),
(49, '녹원쌈밥', '쌈밥 정식 한식', 5, 1, '11:00:00', '21:00:00'),
(50, '리화인와플', '이대 골목 디저트 카페', 5, 8, '12:00:00', '20:00:00'),
(51, '바오로차이나 사당점', '사당역 인근 중화요리 전문점', 6, 2, '11:00:00', '22:00:00'),
(52, '가우리집', '강원도식 가오리조림과 솥밥의 한식당', 6, 1, '11:30:00', '22:00:00'),
(53, '우청옥', '진하고 깔끔한 국물의 설렁탕 보양식집', 6, 1, '11:00:00', '22:00:00'),
(54, '바리에가타', '데이트하기 좋은 분위기의 파스타 맛집', 6, 4, '11:30:00', '22:00:00'),
(55, '리플렉트커피 로스팅 랩', '향과 맛이 뛰어난 원두 전문 커피숍', 6, 8, '08:00:00', '20:50:00'),
(56, '꼬미다 큐큐큐', '양재시민의숲 근처 스페인 음식점', 6, 4, '11:30:00', '21:00:00'),
(57, '몬안베띠 서초본점', '진한 국물과 빠른 서비스의 쌀국수 맛집', 6, 5, '11:00:00', '21:00:00'),
(58, '일상정원 센트럴시티점', '1인 샤브샤브·스키야키 전문점', 6, 3, '11:00:00', '22:00:00'),
(59, '번앤버니', '모던한 분위기의 수제버거 전문점', 6, 7, '11:00:00', '21:30:00'),
(60, '덕자네 방앗간', '직접 뽑은 가래떡 떡볶이와 비빔만두 맛집', 6, 6, '11:00:00', '20:30:00'),
(61, '터틀힙 성수', '다양한 당일 케이크로 특별한 날 준비', 7, 8, '11:00:00', '20:00:00'),
(62, '픽베이크', '밀크 바게트로 즐기는 고소한 행복', 7, 8, '09:00:00', '20:30:00'),
(63, '누메로도스', '바질향 가득한 마스카포네 피자의 매력', 7, 4, '11:00:00', '21:00:00'),
(64, '브리비트 성수', '포르치니 새우 뇨끼의 쫀득한 매력', 7, 4, '11:30:00', '21:15:00'),
(65, '데이릿 성수', '아늑함 속에서 즐기는 정갈한 식사', 7, 1, '11:30:00', '21:30:00'),
(66, '난포', '강된장쌈밥과 함께하는 풍성한 식사', 7, 1, '11:00:00', '21:30:00'),
(67, '온량', '당일 준비되는 재료로만 음식을 만들며,모든 소스와 음식은 홈메이드 스타일로 매장에서 직접 만들고있습니다.', 7, 4, '12:00:00', '21:00:00'),
(68, '한양떡방앗간 성수', '성수에서 가장 핫한 떡볶이집, 한양떡방앗간 성수 입니다! 포항에서 떡집을 하시던 저희 남홍 할머니의 가르침을 이어받아 3대째 떡을 뽑습니다.', 7, 6, '11:30:00', '21:00:00'),
(69, '띠또분식', '오징어튀김으로 빛나는 모둠튀김', 7, 6, '10:30:00', '21:30:00'),
(70, '용이네', '묵은지참치김밥으로 느끼는 특별한 맛', 7, 6, '08:00:00', '21:00:00'),
(71, '돈까스의집', '따뜻한 빵과 함께하는 돈까스의 행복', 8, 4, '11:00:00', '21:50:00'),
(72, '인딕슬로우', '정통 인도음식 맛집', 8, 5, '11:30:00', '21:30:00'),
(73, '황도바지락칼국수', '왕만두와 함께하는 푸짐한 한끼', 8, 1, '10:00:00', '22:00:00'),
(74, '도삭면공방', '마라 향신료가 어우러진 얼큰한 국물', 8, 2, '11:00:00', '23:00:00'),
(75, '곱창의 진수', '잡내 없이 쫄깃한 알곱창의 매력', 8, 1, '14:00:00', '02:00:00'),
(76, '오스테리아세콘디', '스테이크와 문어요리의 완벽한 조합', 8, 4, '12:00:00', '22:30:00'),
(77, '육장정', '짜지 않아 더 건강한 육개장의 매력', 8, 1, '11:00:00', '20:00:00'),
(78, '청화초밥', '푸짐한 서비스와 함께하는 즐거운 식사', 8, 3, '11:00:00', '22:00:00'),
(79, '프라자손칼국수', '푸짐한 양의 굴림만두와 쫄깃한 칼국수', 8, 1, '11:00:00', '20:30:00'),
(80, '골든타이', '현지 호텔 출신 태국 요리사들이 요리하는 태국 음식 전문점', 8, 5, '11:00:00', '21:00:00'),
(81, '땀땀 고메이494 한남점', '국물·면 리필 가능한 TV 출연 쌀국수 맛집', 9, 5, '11:00:00', '21:00:00'),
(82, '오르노 용산점', '화덕피자가 인기인 용산역 인근 레스토랑', 9, 4, '11:00:00', '01:00:00'),
(83, '자코비버거 본점', '푸짐한 양과 풍미의 해방촌 수제버거 맛집', 9, 7, '11:00:00', '01:00:00'),
(84, '마츠도 서울역점', '깊은 국물의 미소라멘 전문점', 9, 3, '11:00:00', '20:30:00'),
(85, '아키비스트 한남점', '서울 3대 아인슈페너 카페', 9, 8, '10:00:00', '19:00:00'),
(86, '한남동자리 한남점', 'TV에 자주 소개된 모던 중식 맛집', 9, 2, '11:00:00', '20:50:00'),
(87, '바다약방 용산점', '신선한 해산물이 매력인 한식주점', 9, 1, '11:30:00', '23:00:00'),
(88, '컴피 삼각지', '화덕피자와 와인이 어우러진 LP바', 9, 4, '12:00:00', '01:30:00'),
(89, '마하 한남', '감성 인테리어의 한남동 카페', 9, 8, '12:00:00', '21:00:00'),
(90, '팀호완 용산점', '가족 모임에 좋은 용산 아이파크몰 딤섬 전문점', 9, 2, '11:00:00', '22:00:00'),
(91, '비움안국', '현대와 과거, 한옥과 신축이 공존하는 공간 비움안국 입니다', 10, 4, '11:30:00', '22:00:00'),
(92, '익선 갈매기', '종로3가, 익선동에 위치한 숯불구이 전문점 익선갈매기 입니다.', 10, 1, '14:00:00', '22:00:00'),
(93, '인사동 촌', '25년 전통의 인사동 \'촌\'은 한옥과 정원으로 꾸며진 고풍스러운 매장 분위기와 엄선된 재료로 어머니 정성이 깃든 특별한 한정식 코스를 통해 보는 맛, 먹는 맛을 제공합니다.', 10, 1, '11:30:00', '21:00:00'),
(94, '테라스 꾸까', '꽃, 커피, 술, 음식, 사람이 함께 하는 공간 테라스 꾸까', 10, 4, '11:30:00', '21:00:00'),
(95, '홍복성', '신라 호텔 출신의 쉐프가 직접 전하는 깊은 맛으로 이미 주변 중식당에선 이름이 나있는 편이다. 또한 딤섬도 맛있기로 정평이 나있는 홍복성이다.', 10, 2, '11:00:00', '21:00:00'),
(96, '리향', '삼선 짬뽕의 매콤한 해물 풍미', 10, 2, '11:00:00', '22:00:00'),
(97, '반쿤콴', '치에테는 치엘로(Cielo), 에(e), 테라(Terra) 하늘과 땅, 이탈리아어의 합성어이며 자연에서 빚어진 재료를 접시에 담는다는 철학 아래 클래식함과 모던함이 공존하는 이탈리안 레스토랑입니다.', 10, 5, '11:30:00', '22:00:00'),
(98, '크루타이커진', '한국인 및 현지인들이 길거리에서 쉽게 접하고 즐겨 먹는 태국 음식 전문점 KRUA THAI CUISINE입니다.', 10, 5, '11:00:00', '21:00:00'),
(99, '온천집', '익선동에서 오직 온천집에서만 누릴 수 있는 여유와 운치, 따뜻한 샤브와 함께 몸과 마음의 힐링을 선사합니다.', 10, 3, '11:30:00', '21:30:00'),
(100, '도마 유즈라멘', '라멘의 본질에 충실하면서도 새로운 깊이를 더한 \'유즈라멘\' 상큼함과 감칠맛이 교차하는 도마의 시그니처 라멘입니다.', 10, 3, '11:00:00', '21:30:00');


INSERT INTO Menu (restaurant_id, menu_name, price) VALUES
(1, '로스(등심)가스', 9500),
(1, '히레(안심)가스', 11000),
(1, '알밥정식(돈까스+알밥+우동)', 9500),
(2, '초당옥수수 뇨끼', 16000),
(2, '클래식 라자냐', 21000),
(2, '투움바 파스타', 19000),
(3, '보쌈정식', 12000),
(3, '닭도리김치찜', 13000),
(3, '제육김치찜', 11000),
(4, '갈아서 추어탕', 14000),
(4, '통마리 원주추어탕', 15000),
(4, '전복 원주추어탕', 20000),
(5, '아부라소바 (특제라유소스)', 12000),
(5, '아부라소바 (특제베지오일)', 12000),
(5, '히야시츄카', 11000),
(6, '고구마 케익그람', 5500),
(6, '블루베리 케익그람', 5800),
(6, '레몬치즈 케익그람', 5800),
(7, '베이컨치즈 버거', 12900),
(7, '치킨버거', 10900),
(7, '파스트라미 샌드위치', 15900),
(8, '가정식 백반', 11000),
(8, '누룽지 정식', 12000),
(8, '제주오겹살', 20000),
(9, '루비떡볶이', 6000),
(9, '치즈떡볶이', 7500),
(9, '소세지김밥', 6000),
(10, '냉면', 15000),
(10, '온면', 15000),
(10, '비빔냉면', 15000),
(11, '버팔로 포모도로', 22000),
(11, '감베리 크레마', 19500),
(11, '스타 피자', 28000),
(12, '백면', 10000),
(12, '홍면', 10000),
(12, '곁들임 냉제육', 11000),
(13, '양꼬치', 16000),
(13, '양갈비살 꼬치', 20000),
(13, '꿔바로우', 16000),
(14, '청와옥 순대국밥', 10000),
(14, '얼큰 순대국', 11000),
(14, '오징어숯불구이', 9900),
(15, '딸기산도', 7200),
(15, '말차말차라떼', 6500),
(15, '크림소다', 5500),
(16, '도삭면', 10000),
(16, '층유면', 10000),
(16, '비빔면', 10000),
(17, '딸기오레오쫀득쿠키', 6500),
(17, '플레인스콘', 4000),
(17, '아메리카노', 4000),
(18, '텐초밥', 14000),
(18, '특초밥', 19800),
(18, '연어초밥', 22000),
(19, '돈코츠 미소라멘', 10500),
(19, '에고마 아부라소바', 10500),
(19, '돈코츠 쇼유라멘', 10500),
(20, '게토 서울', 18500),
(20, '게토 뉴욕', 20900),
(20, '드로잉 피자', 19000),
(21, '꾸어이띠어우똠얌타래', 13000),
(21, '뿌님팟뽕커리', 26000),
(21, '팟타이 꿍', 12000),
(22, '히레카츠', 16000),
(22, '치킨카츠', 14000),
(22, '덴뿌라붓가케', 13000),
(23, '후레쉬치즈케이크', 5900),
(23, '콜드브루', 4500),
(23, '라떼', 5000),
(24, '원조 홍두깨 손(콩) 칼국수', 9000),
(24, '홍두깨 건진 손(콩) 칼국수', 9000),
(24, '문어숙회', 20000),
(25, '생굴회', 25000),
(25, '보쌈 소', 38000),
(25, '해물파전', 23000),
(26, '텐동', 10000),
(26, '에비텐동', 14000),
(26, '아나고텐동', 14000),
(27, '노르마', 20000),
(27, '벌집꿀 꽈트로 포르마지', 25000),
(27, '트러플 크림 뇨끼', 24000),
(28, '미트 토마토 파스타', 14000),
(28, '까르보나라', 14000),
(28, '새우 로제 파스타', 16000),
(29, '크리스퍼 불닭 치킨', 6800),
(29, '골든 에그 트러플 머쉬룸', 10800),
(29, '핫 트러플 머쉬룸 와퍼', 9800),
(30, '홍유완탕', 7500),
(30, '팔칠 탄탄면', 9500),
(30, '가지 새우소 딤섬', 8000),
(31, '팟타이', 12000),
(31, '똠얌꿍', 14000),
(31, '팟끄라파오', 12000),
(32, '소고기 쌀국수', 11000),
(32, '솜탐', 10000),
(32, '스프링롤', 9000),
(33, '궁중갈비찜', 32000),
(33, '함흥냉면', 11000),
(33, '갈비탕', 13000),
(34, '보쌈(중)', 33000),
(34, '수육', 32000),
(34, '보쌈정식', 12000),
(35, '소유라멘', 11000),
(35, '미소라멘', 11000),
(35, '차슈덮밥', 9000),
(36, '샤퀴테리 보드', 29000),
(36, '스테이크', 33000),
(36, '파스타', 16000),
(37, '껍데기구이', 14000),
(37, '삼겹살', 16000),
(37, '김치찌개', 9000),
(38, '라따뚜이', 15000),
(38, '뵈프 부르기뇽', 32000),
(38, '프렌치 어니언수프', 12000),
(39, '핸드드립', 6000),
(39, '에스프레소', 4500),
(39, '카페라떼', 5500),
(40, '숯불닭구이(소금)', 18000),
(40, '숯불닭양념구이', 19000),
(40, '뼈없는 닭발', 15000),
(41, '버터프레첼', 9400),
(41, '치아바타 샌드위치', 8400),
(41, '뺑오쇼콜라', 5000),
(42, '사과파이', 6500),
(42, '피칸파이', 7000),
(42, '아메리카노', 4500),
(43, '양푼등갈비찜', 32000),
(43, '곤드레밥', 9000),
(43, '메밀전', 8000),
(44, '칼국수', 6000),
(44, '비빔국수', 6500),
(44, '만두', 6000),
(45, '추어탕', 11000),
(45, '미꾸라지튀김', 12000),
(45, '추어전골', 28000),
(46, '슈하스코 플레이트', 39000),
(46, '삐까냐', 42000),
(46, '브라질 소시지', 18000),
(47, '김치찜(2인)', 26000),
(47, '제육볶음', 11000),
(47, '된장찌개', 8000),
(48, '오마카세(런치)', 38000),
(48, '사시미', 30000),
(48, '텐동', 13000),
(49, '쌈밥정식', 14000),
(49, '된장찌개', 8000),
(49, '불고기', 12000),
(50, '아이스크림 1가지', 4000),
(50, '아이스크림 와플 3가지', 14000),
(50, '아메리카노', 5000),
(51, '짜장면', 8000),
(51, '차돌 짬뽕', 15000),
(51, '꼬치 탕수육', 30000),
(52, '가오리조림 (소)', 42000),
(52, '코다리조림 (소)', 38000),
(52, '생대구탕 (중)', 38000),
(53, '설렁탕', 12000),
(53, '한우국밥', 12000),
(53, '청도미나리곰탕', 14000),
(54, '시그니처 크림 뇨끼', 26000),
(54, '단새우 로제 딸리아딸레 파스타', 25000),
(54, '바리에가타 봉골레 파스타', 25000),
(55, '안녕! 헤이즐', 5500),
(55, '아인슈페너', 4500),
(55, '크림모카', 5700),
(56, '뽈뽀', 36000),
(56, '스페니쉬 남부식 갈비찜 리조또', 26000),
(56, '로메스코 소스를 곁들인 뇨끼와 새우', 24000),
(57, '양곱창 쌀국수', 17000),
(57, '로제 해산물 쌀국수', 14200),
(57, '해산물 볶음밥', 12800),
(58, '구름 스키야키', 21400),
(58, '미소 샤브샤브', 18400),
(58, '소유 모츠나베', 21400),
(59, '갈릭 버거', 9800),
(59, '쉬림프 버거', 11800),
(59, '하와이안 버거', 9800),
(60, '떡볶이', 6000),
(60, '비빔만두', 9000),
(60, '우엉김밥', 6000),
(61, '요거트 무화과 케이크', 9800),
(61, '무화과 얼그레이', 9800),
(61, '망고 생크림 케이크', 9500),
(62, '픽 클래식 에그타르트', 3000),
(62, '아메리카노', 3000),
(62, '레몬 커스타드 타르트', 3800),
(63, '마스카포네', 20000),
(63, '트러플크림', 20000),
(63, '마르게리따', 19000),
(64, '포르치니 새우 뇨끼', 16900),
(64, '연어스테이크파스타', 17900),
(64, '매콤가지튀김', 9900),
(65, '직화족발누들', 14800),
(65, '망고겨자치킨난반', 17800),
(65, '직화 한우 마키', 14800),
(66, '강된장쌈밥', 12000),
(66, '제철회묵은지말이', 14000),
(66, '곰국', 15000),
(67, '스파이시 로제 파스타', 19000),
(67, '콰트로 크림 리소토', 19000),
(67, '만조 크림 파스타', 19000),
(68, '한양쌀떡볶이', 6000),
(68, '시골수제닭튀김', 9000),
(68, '떡라면', 6000),
(69, '치즈닭갈비 떡볶이', 15800),
(69, '짜장맛 떡볶이', 12000),
(69, '오리지널 떡볶이', 9800),
(70, '소복계란스팸김밥', 5500),
(70, '묵은지 참치김밥', 5500),
(70, '골라먹는라면', 4000),
(71, '돈까스', 12000),
(71, '생선까스', 12000),
(71, '함박스텍', 12000),
(72, '버터치킨마크니', 21500),
(72, '씨푸드 빈달루', 23500),
(72, 'BBQ 탄두리치킨플레터', 18900),
(73, '칼국수', 13000),
(73, '왕만두', 7000),
(73, '미니 보쌈', 17000),
(74, '얼큰도삭면', 10000),
(74, '짜장도삭면', 9000),
(74, '동파육덮밥', 11000),
(75, '알곱창', 15000),
(75, '야채곱창', 14000),
(75, '치즈곱창', 16000),
(76, '라구 딸리아뗄레', 24000),
(76, '뽈보', 22000),
(76, '한우 타르타르', 25000),
(77, '육개장', 10000),
(77, '육라면', 10000),
(77, '육갈탕', 14000),
(78, '청화초밥(10ps)', 15000),
(78, '특청화(12ps)', 19000),
(78, '스페셜(12ps)', 22000),
(79, '손칼국수', 10000),
(79, '굴림만두', 11000),
(79, '수제비', 11000),
(80, '똠얌꿍', 16000),
(80, '쏨땀', 18000),
(80, '팟타이', 15000),
(81, '매운 소곱창 쌀국수', 19900),
(81, '양지 쌀국수', 14000),
(81, '우삼겹 쌀국수', 14900),
(82, '무화과 에멘탈 피자', 33000),
(82, '피스타치오 모르타델타', 35000),
(82, '바질 스트라치에텔라 모르타델타', 36000),
(83, '자코비 버거', 11900),
(83, '클래식 더블 치즈 버거', 10900),
(83, '아보카도 베이컨 버거', 13900),
(84, '마츠도 미소라멘', 11000),
(84, '마츠도 카라 미소라멘', 12000),
(84, '미소 아부라소바', 12000),
(85, '아인슈페너', 6000),
(85, '플랫화이트', 5500),
(85, '수제 바닐라라뗴', 6000),
(86, '목화솜 탕수육', 26000),
(86, '해물 짬뽕', 13000),
(86, '차돌 짬뽕', 14000),
(87, '대광어 소금김밥', 55000),
(87, '참깨소스 고등어초회', 35000),
(87, '짚불훈연 대삼치회', 35000),
(88, '컴피 피자', 25000),
(88, '모르타델라 피자', 25000),
(88, '뽀모도로 파스타', 22000),
(89, '크림 카라멜 라떼', 9000),
(89, '청귤 에이드', 8500),
(89, '크림 브라우니', 9500),
(90, '차슈바오 번', 9000),
(90, '하가우', 7500),
(90, '샤오마이', 7000),
(91, '비움 기치볶음밥', 16500),
(91, '회오리 오믈렛', 16500),
(91, '미나리 쉬림프 오일파스타', 19000),
(92, '갈매기생통갈비', 18000),
(92, '생삽결살', 18000),
(92, '꽃목살', 18000),
(93, '남촌정식', 25000),
(93, '한돈 돼지불고기 정식', 18000),
(93, '한우 소불고기 정식', 20000),
(94, '꾸-까르보나라', 18000),
(94, '소프트 크랩 로제 파스타', 22000),
(94, '어란 파스타', 21000),
(95, '굴차돌짬뽕밥', 15000),
(95, '광동식 탕수육', 30000),
(95, '칠리중새우', 40000),
(96, '삼선짬뽕', 13000),
(96, '탕수육', 25000),
(96, '짜장면', 8000),
(97, '랭쌥', 22000),
(97, '뿌님팟퐁커리', 20000),
(97, '새우팟타이', 15000),
(98, '푸팟퐁커리(게살)', 45000),
(98, '쏨땀', 15000),
(98, '공심채볶음', 16000),
(99, '블랙앵게스 알목심 스키야끼', 24000),
(99, '온천집 곰 샤브', 32000),
(99, '온천집 미소 샤브', 23000),
(100, '유즈시오라멘', 12000),
(100, '한우 육회츠케멘', 15000),
(100, '유즈쇼유라멘', 12000);

INSERT INTO Closed_Days (restaurant_id, day) VALUES
(3, 'SAT'),
(3, 'SUN'),
(4, 'SUN'),
(5, 'SUN'),
(77, 'TUE'),
(31, 'WED'),
(34, 'SUN'),
(38, 'TUE'),
(41, 'TUE'),
(43, 'MON'),
(45, 'SUN'),
(49, 'MON'),
(50, 'SUN'),
(52, 'MON'),
(19, 'SUN'),
(70, 'SUN'),
(24, 'SUN'),
(25, 'SUN'),
(27, 'SUN'),
(28, 'SUN'),
(30, 'SUN'),
(94, 'MON'),
(94, 'SUN'),
(96, 'SUN'),
(100, 'MON');